Protein	Motif	Methods_Used	Num_Methods	Composite_Score	Score_Components	Sequences
MYL2	motif_9	MEME	1	2.901	MEME: 7.25	IDEMIK
MYL2	motif_11	MEME	1	2.75	MEME: 6.88	IDEMIK
MYBPC	motif_8	MEME	1	2.512	MEME: 6.28	SFVPEGFAC
MYBPC	motif_14	MEME, MEME	2	2.26	MEME: 5.65	GQALAELIVQEKK; GQEIQMSGSKYIF
MYBPC	motif_12	MEME, MEME	2	2.076	MEME: 5.19	GQALAELIVQEKK; GQEIQMSGSKYIF
MYBPC	motif_2	MEME	1	1.796	MEME: 4.49	NFDLIQ
MYL2	motif_14	MEME	1	1.755	MEME: 4.39	NEEIDEMIKEAPG
MYBPC	motif_11	MEME	1	1.745	MEME: 4.36	LAELIV
MYBPC	motif_13	MEME, MEME	2	1.678	MEME: 4.19	LAELIV; NFDLIQ
ABLIM1	motif_1	MEME	1	1.642	MEME: 4.10	KVCGCDLAQGGFF
MYBPC	GLALSDLIQKYFF	BLAST+MSA, BLAST+MSA, BLAST+MSA	3	0.613	MSA: 16.0; ID: 66.7%	GQALAELI
MYBPC	GTVLSDIIQKYFF	BLAST+MSA, BLAST+MSA, BLAST+MSA	3	0.613	MSA: 16.0; ID: 66.7%	GQALAELI; IDDV
MYBPC	FKVGHGLAC	BLAST+MSA, BLAST+MSA, BLAST+MSA	3	0.58	MSA: 16.0; ID: 50.0%	IGNG; GQALA; VPEGFAC
MYL2	GTVLSDIIQKYFF	BLAST+MSA	1	0.49	MSA: 13.0; ID: 50.0%	TILN
MYBPC	LSSLIQ	BLAST+MSA, BLAST+MSA, BLAST+MSA	3	0.44	MSA: 8.0; ID: 100.0%	LAELI
MYBPC	LSDLIQ	BLAST+MSA, BLAST+MSA, BLAST+MSA	3	0.433	MSA: 10.0; ID: 66.7%	LAELI; IDDV
MYL2	GLALSDLIQKYFF	BLAST+MSA	1	0.389	MSA: 12.0; ID: 14.3%	IDEMIKE
MYL2	LSDIIQ	BLAST+MSA	1	0.333	MSA: 10.0; ID: 16.7%	IDEMIK
MYBPC	VNILAKI	BLAST+MSA, BLAST+MSA, BLAST+MSA	3	0.31	MSA: 7.0; ID: 50.0%	LAEL
MYBPC	LSDIIQ	BLAST+MSA, BLAST+MSA, BLAST+MSA	3	0.307	MSA: 8.0; ID: 33.3%	LAELI; IDDV
MYL2	LSSLIQ	BLAST+MSA	1	0.303	MSA: 9.0; ID: 16.7%	IDEMIK
