Subject	BLAST_Hit_Region	Motif	Aligned_Motif	Aligned_Hit	Identity(%)	Similarity(%)	Alignment_Score
MYBPC	FTVLEHYRRTHCVVPELIIGNGYYFRVFSQNM	GLALSDLIQKYFF	GLALS----------DLI--QKYFF-------	FTVLEHYRRTHCVVPELIIGNGYYFRVFSQNM	38.5	53.8	-25.0
MYBPC	FTVLEHYRRTHCVVPELIIGNGYYFRVFSQNM	LSDLIQ	LS-------------DLI-------------Q	FTVLEHYRRTHCVVPELIIGNGYYFRVFSQNM	33.3	66.7	-35.0
MYBPC	FTVLEHYRRTHCVVPELIIGNGYYFRVFSQNM	LSSLIQ	LS--------------------------SLIQ	FTVLEHYRRTHCVVPELIIGNGYYFRVFSQNM	16.7	33.3	-36.0
MYBPC	LCTSGGQALAELIVQEKKLEVYQSIADLM	GLALSDLIQKYFF	-----GLALSDLI------QKY-----FF	LCTSGGQALAELIVQEKKLEVYQSIADLM	46.2	69.2	-16.0
MYBPC	LCTSGGQALAELIVQEKKLEVYQSIADLM	LSDLIQ	--------LSDLI---------------Q	LCTSGGQALAELIVQEKKLEVYQSIADLM	50.0	83.3	-28.0
MYBPC	LCTSGGQALAELIVQEKKLEVYQSIADLM	LSSLIQ	LSSL-----------------------IQ	LCTSGGQALAELIVQEKKLEVYQSIADLM	16.7	50.0	-29.0
MYBPC	TIDDVTPADEADYSFVPEGFAC	GLALSDLIQKYFF	GL---------ALSDLIQKYFF	TIDDVTPADEADYSFVPEGFAC	7.7	38.5	-24.0
MYBPC	TIDDVTPADEADYSFVPEGFAC	LSDLIQ	LSDLIQ----------------	TIDDVTPADEADYSFVPEGFAC	16.7	33.3	-25.0
MYBPC	TIDDVTPADEADYSFVPEGFAC	LSSLIQ	L----------------SSLIQ	TIDDVTPADEADYSFVPEGFAC	0.0	0.0	-31.0
MYL2	KEAFTIMDQNRDGFIDKNDLRDTFAALGRVNVKNEEIDEMIKEAPGPINFTVFLTMFGEKLKGADPEETILNAFKVFD	GLALSDLIQKYFF	GLALSDLIQ-----------------------------------------------------------------KYFF	KEAFTIMDQNRDGFIDKNDLRDTFAALGRVNVKNEEIDEMIKEAPGPINFTVFLTMFGEKLKGADPEETILNAFKVFD	30.8	46.2	-67.0
MYL2	KEAFTIMDQNRDGFIDKNDLRDTFAALGRVNVKNEEIDEMIKEAPGPINFTVFLTMFGEKLKGADPEETILNAFKVFD	LSDLIQ	------------------------------------LSDLIQ------------------------------------	KEAFTIMDQNRDGFIDKNDLRDTFAALGRVNVKNEEIDEMIKEAPGPINFTVFLTMFGEKLKGADPEETILNAFKVFD	16.7	83.3	-81.0
MYL2	KEAFTIMDQNRDGFIDKNDLRDTFAALGRVNVKNEEIDEMIKEAPGPINFTVFLTMFGEKLKGADPEETILNAFKVFD	LSSLIQ	LSS------------------------------------------------------------------------LIQ	KEAFTIMDQNRDGFIDKNDLRDTFAALGRVNVKNEEIDEMIKEAPGPINFTVFLTMFGEKLKGADPEETILNAFKVFD	0.0	33.3	-82.0
